<?xml version="1.0" encoding="UTF-8" standalone="yes"?>
<addon id="plugin.audio.amazonmedia" name="Amazon Media" version="1.0.0" provider-name="spacy">
    <requires>
        <import addon="xbmc.python" version="3.0.0"/>
        <import addon="script.module.mechanize" version="0.4.3"/>
        <import addon="script.module.beautifulsoup4" version="4.9.3"/>
        <import addon="script.module.requests" version="2.22.0"/>
    </requires>
    <extension point="xbmc.python.pluginsource" library="amazonmedia.py">
        <provides>audio</provides>
    </extension>
    <extension point="xbmc.service" library="service.py" start="startup" />
    <extension point="xbmc.addon.metadata">
        <platform>all</platform>
        <summary lang="en">Amazon Add-on</summary>
        <language></language>
        <description lang="en">Kodi Amazon Music Add-on - Kodi extention to browse and play Amazon Music songs. An Amazon account is necessary.</description>
        <disclaimer lang="en">Some parts of this addon may not be legal in your country of residence - please check with your local laws before installing. All used images are from Amazon.</disclaimer>
        <license>GNU GENERAL PUBLIC LICENSE. Version 2, June 1991</license>
        <source>https://github.com/spacys/</source>
        <forum>https://www.kodinerds.net/index.php/Thread/65849-Amazon-Mediathek/?postID=524424</forum>
        <website>https://www.amazon.de</website>
        <assets>
          <icon>icon.png</icon>
          <fanart>fanart.jpg</fanart>
        </assets>
    </extension>
</addon>
