<?xml version="1.0" encoding="UTF-8"?>
<window>
    <coordinates>
        <left>502</left>
        <top>345</top>
    </coordinates>
    <controls>
        <control type="image">
            <left>-1920</left>
            <top>-1080</top>
            <width>5760</width>
            <height>3240</height>
            <animation effect="fade" start="0" end="100" time="300">WindowOpen</animation>
            <animation effect="fade" start="100" end="0" time="200">WindowClose</animation>
            <texture colordiffuse="C2FFFFFF">background/black.png</texture>
        </control>
        <control type="image">
            <left>0</left>
            <top>0</top>
            <width>1000</width>
            <height>400</height>
            <texture border="2">background/dialog-bg.png</texture>
        </control>
        <control type="image">
            <left>0</left>
            <top>0</top>
            <width>1000</width>
            <height>70</height>
            <texture colordiffuse="FF12B2E7" border="2">background/white.png</texture>
        </control>
        <control type="label" id="501">
            <textoffsetx>70</textoffsetx>
            <left>0</left>
            <top>0</top>
            <width>1000</width>
            <height>60</height>
            <font>font30_title</font>
            <align>center</align>
            <aligny>center</aligny>
            <shadowcolor>FF000000</shadowcolor>
        </control>
        <control type="image" id="502">
            <left>20</left>
            <top>100</top>
            <width>200</width>
            <height>60</height>
            <aspectratio aligny="center" align="center">keep</aspectratio>
        </control>
        <control type="textbox" id="503">
            <left>240</left>
            <top>85</top>
            <width>630</width>
            <height>60</height>
            <font>font10_title</font>
            <align>left</align>
            <aligny>top</aligny>
            <shadowcolor>FF000000</shadowcolor>
        </control>
        <control type="textbox" id="504">
            <left>240</left>
            <top>145</top>
            <width>630</width>
            <height>60</height>
            <font>font10_title</font>
            <align>left</align>
            <aligny>top</aligny>
            <shadowcolor>FF000000</shadowcolor>
        </control>
        <control type="button" id="505">
            <left>20</left>
            <top>310</top>
            <width>300</width>
            <height>90</height>
            <font>font10_title</font>
            <textcolor>FFF0F0F0</textcolor>
            <textoffsetx>20</textoffsetx>
            <label>14125</label>
            <align>center</align>
            <aligny>center</aligny>
            <texturefocus border="40" colordiffuse="FF12B2E7">button/dialogbutton-fo.png</texturefocus>
            <texturenofocus border="40">button/dialogbutton-nofo.png</texturenofocus>
        </control>
        <control type="button" id="506">
            <left>680</left>
            <top>310</top>
            <width>300</width>
            <height>90</height>
            <font>font10_title</font>
            <textcolor>FFF0F0F0</textcolor>
            <textoffsetx>20</textoffsetx>
            <label>186</label>
            <align>center</align>
            <aligny>center</aligny>
            <texturefocus border="40" colordiffuse="FF12B2E7">button/dialogbutton-fo.png</texturefocus>
            <texturenofocus border="40">button/dialogbutton-nofo.png</texturenofocus>
        </control>
        <control type="button" id="507">
            <left>360</left>
            <top>310</top>
            <width>300</width>
            <height>90</height>
            <font>font10_title</font>
            <textcolor>FFF0F0F0</textcolor>
            <textoffsetx>20</textoffsetx>
            <label>222</label>
            <align>center</align>
            <aligny>center</aligny>
            <texturefocus border="40" colordiffuse="FF12B2E7">button/dialogbutton-fo.png</texturefocus>
            <texturenofocus border="40">button/dialogbutton-nofo.png</texturenofocus>
        </control>
    </controls>
</window>